,Season,DateTime,HomeTeam,AwayTeam,FTHG,FTAG,FTR,HTHG,HTAG,HTR,Referee,HS,AS,HST,AST,HC,AC,HF,AF,HY,AY,HR,AR
0,2021-22,2021-08-13T20:00:00Z,Brentford,Arsenal,2,0,H,1.0,0.0,H,M Oliver,8.0,22.0,3.0,4.0,2.0,5.0,12.0,8.0,0.0,0.0,0.0,0.0
1,2021-22,2021-08-14T12:30:00Z,Man United,Leeds,5,1,H,1.0,0.0,H,P Tierney,16.0,10.0,8.0,3.0,5.0,4.0,11.0,9.0,1.0,2.0,0.0,0.0
2,2021-22,2021-08-14T15:00:00Z,Burnley,Brighton,1,2,A,1.0,0.0,H,D Coote,14.0,14.0,3.0,8.0,7.0,6.0,10.0,7.0,2.0,1.0,0.0,0.0
3,2021-22,2021-08-14T15:00:00Z,Chelsea,Crystal Palace,3,0,H,2.0,0.0,H,J Moss,13.0,4.0,6.0,1.0,5.0,2.0,15.0,11.0,0.0,0.0,0.0,0.0
4,2021-22,2021-08-14T15:00:00Z,Everton,Southampton,3,1,H,0.0,1.0,A,A Madley,14.0,6.0,6.0,3.0,6.0,8.0,13.0,15.0,2.0,0.0,0.0,0.0
5,2021-22,2021-08-14T15:00:00Z,Leicester,Wolves,1,0,H,1.0,0.0,H,C Pawson,9.0,17.0,5.0,3.0,5.0,4.0,6.0,10.0,1.0,2.0,0.0,0.0
6,2021-22,2021-08-14T15:00:00Z,Watford,Aston Villa,3,2,H,2.0,0.0,H,M Dean,13.0,11.0,7.0,2.0,2.0,4.0,18.0,13.0,3.0,1.0,0.0,0.0
7,2021-22,2021-08-14T17:30:00Z,Norwich,Liverpool,0,3,A,0.0,1.0,A,A Marriner,14.0,19.0,3.0,8.0,3.0,11.0,4.0,14.0,1.0,1.0,0.0,0.0
8,2021-22,2021-08-15T14:00:00Z,Newcastle,West Ham,2,4,A,2.0,1.0,H,M Atkinson,17.0,8.0,3.0,9.0,7.0,6.0,4.0,3.0,1.0,0.0,0.0,0.0
9,2021-22,2021-08-15T16:30:00Z,Tottenham,Man City,1,0,H,0.0,0.0,D,A Taylor,13.0,18.0,3.0,4.0,3.0,11.0,11.0,8.0,2.0,1.0,0.0,0.0
10,2021-22,2021-08-21T12:30:00Z,Liverpool,Burnley,2,0,H,1.0,0.0,H,M Dean,27.0,9.0,9.0,3.0,8.0,4.0,6.0,12.0,0.0,0.0,0.0,0.0
11,2021-22,2021-08-21T15:00:00Z,Aston Villa,Newcastle,2,0,H,1.0,0.0,H,D Coote,10.0,9.0,2.0,1.0,3.0,4.0,8.0,18.0,3.0,4.0,0.0,0.0
12,2021-22,2021-08-21T15:00:00Z,Crystal Palace,Brentford,0,0,D,0.0,0.0,D,M Atkinson,7.0,14.0,2.0,3.0,3.0,5.0,12.0,9.0,3.0,1.0,0.0,0.0
13,2021-22,2021-08-21T15:00:00Z,Leeds,Everton,2,2,D,1.0,1.0,D,D England,17.0,17.0,4.0,8.0,8.0,5.0,6.0,13.0,2.0,4.0,0.0,0.0
14,2021-22,2021-08-21T15:00:00Z,Man City,Norwich,5,0,H,2.0,0.0,H,G Scott,16.0,1.0,4.0,0.0,6.0,1.0,13.0,7.0,1.0,0.0,0.0,0.0
15,2021-22,2021-08-21T17:30:00Z,Brighton,Watford,2,0,H,2.0,0.0,H,A Taylor,13.0,10.0,3.0,1.0,7.0,2.0,11.0,6.0,4.0,0.0,0.0,0.0
16,2021-22,2021-08-22T14:00:00Z,Southampton,Man United,1,1,D,1.0,0.0,H,C Pawson,8.0,15.0,3.0,4.0,7.0,7.0,12.0,10.0,2.0,3.0,0.0,0.0
17,2021-22,2021-08-22T14:00:00Z,Wolves,Tottenham,0,1,A,0.0,1.0,A,S Attwell,25.0,8.0,6.0,6.0,5.0,4.0,9.0,7.0,1.0,4.0,0.0,0.0
18,2021-22,2021-08-22T16:30:00Z,Arsenal,Chelsea,0,2,A,0.0,2.0,A,P Tierney,6.0,22.0,3.0,5.0,9.0,8.0,10.0,4.0,3.0,0.0,0.0,0.0
19,2021-22,2021-08-23T20:00:00Z,West Ham,Leicester,4,1,H,1.0,0.0,H,M Oliver,13.0,5.0,7.0,1.0,10.0,0.0,8.0,8.0,0.0,1.0,0.0,1.0
20,2021-22,2021-08-28T12:30:00Z,Man City,Arsenal,5,0,H,3.0,0.0,H,M Atkinson,25.0,1.0,10.0,0.0,14.0,0.0,5.0,7.0,1.0,2.0,0.0,1.0
21,2021-22,2021-08-28T15:00:00Z,Aston Villa,Brentford,1,1,D,1.0,1.0,D,P Bankes,7.0,9.0,5.0,2.0,3.0,2.0,15.0,14.0,3.0,3.0,0.0,0.0
22,2021-22,2021-08-28T15:00:00Z,Brighton,Everton,0,2,A,0.0,1.0,A,J Moss,14.0,14.0,3.0,5.0,4.0,5.0,7.0,9.0,1.0,2.0,0.0,0.0
23,2021-22,2021-08-28T15:00:00Z,Newcastle,Southampton,2,2,D,0.0,0.0,D,P Tierney,10.0,22.0,5.0,6.0,4.0,4.0,11.0,6.0,3.0,3.0,0.0,0.0
24,2021-22,2021-08-28T15:00:00Z,Norwich,Leicester,1,2,A,1.0,1.0,D,R Jones,14.0,9.0,4.0,3.0,9.0,9.0,8.0,9.0,2.0,1.0,0.0,0.0
25,2021-22,2021-08-28T15:00:00Z,West Ham,Crystal Palace,2,2,D,1.0,0.0,H,S Attwell,14.0,9.0,4.0,2.0,5.0,3.0,10.0,7.0,1.0,0.0,0.0,0.0
26,2021-22,2021-08-28T17:30:00Z,Liverpool,Chelsea,1,1,D,1.0,1.0,D,A Taylor,24.0,6.0,7.0,3.0,12.0,3.0,13.0,4.0,0.0,2.0,0.0,1.0
27,2021-22,2021-08-29T14:00:00Z,Burnley,Leeds,1,1,D,0.0,0.0,D,M Oliver,12.0,12.0,3.0,2.0,5.0,5.0,13.0,9.0,4.0,3.0,0.0,0.0
28,2021-22,2021-08-29T14:00:00Z,Tottenham,Watford,1,0,H,1.0,0.0,H,A Marriner,15.0,9.0,8.0,2.0,10.0,3.0,8.0,14.0,3.0,3.0,0.0,0.0
29,2021-22,2021-08-29T16:30:00Z,Wolves,Man United,0,1,A,0.0,0.0,D,M Dean,15.0,10.0,6.0,3.0,5.0,7.0,7.0,9.0,3.0,4.0,0.0,0.0
30,2021-22,2021-09-11T12:30:00Z,Crystal Palace,Tottenham,3,0,H,0.0,0.0,D,J Moss,18.0,2.0,4.0,1.0,8.0,2.0,13.0,15.0,2.0,1.0,0.0,1.0
31,2021-22,2021-09-11T15:00:00Z,Arsenal,Norwich,1,0,H,0.0,0.0,D,M Oliver,30.0,10.0,7.0,1.0,8.0,4.0,9.0,11.0,1.0,2.0,0.0,0.0
32,2021-22,2021-09-11T15:00:00Z,Brentford,Brighton,0,1,A,0.0,0.0,D,G Scott,7.0,4.0,1.0,2.0,1.0,6.0,9.0,12.0,3.0,2.0,0.0,0.0
33,2021-22,2021-09-11T15:00:00Z,Leicester,Man City,0,1,A,0.0,0.0,D,P Tierney,6.0,25.0,1.0,8.0,5.0,8.0,4.0,11.0,1.0,2.0,0.0,0.0
34,2021-22,2021-09-11T15:00:00Z,Man United,Newcastle,4,1,H,1.0,0.0,H,A Taylor,21.0,12.0,7.0,3.0,7.0,3.0,9.0,2.0,1.0,0.0,0.0,0.0
35,2021-22,2021-09-11T15:00:00Z,Southampton,West Ham,0,0,D,0.0,0.0,D,D Coote,11.0,13.0,3.0,3.0,5.0,4.0,10.0,12.0,3.0,1.0,0.0,1.0
36,2021-22,2021-09-11T15:00:00Z,Watford,Wolves,0,2,A,0.0,0.0,D,P Bankes,6.0,14.0,2.0,5.0,6.0,8.0,15.0,13.0,3.0,3.0,0.0,0.0
37,2021-22,2021-09-11T17:30:00Z,Chelsea,Aston Villa,3,0,H,1.0,0.0,H,S Attwell,12.0,18.0,4.0,6.0,4.0,11.0,11.0,11.0,1.0,4.0,0.0,0.0
38,2021-22,2021-09-12T16:30:00Z,Leeds,Liverpool,0,3,A,0.0,1.0,A,C Pawson,9.0,30.0,4.0,9.0,2.0,11.0,9.0,8.0,2.0,1.0,1.0,0.0
39,2021-22,2021-09-13T20:00:00Z,Everton,Burnley,3,1,H,0.0,0.0,D,M Atkinson,14.0,11.0,6.0,6.0,4.0,6.0,3.0,6.0,1.0,1.0,0.0,0.0
40,2021-22,2021-09-17T20:00:00Z,Newcastle,Leeds,1,1,D,1.0,1.0,D,M Dean,17.0,22.0,7.0,9.0,4.0,5.0,9.0,11.0,2.0,2.0,0.0,0.0
41,2021-22,2021-09-18T12:30:00Z,Wolves,Brentford,0,2,A,0.0,2.0,A,D England,11.0,9.0,0.0,3.0,4.0,2.0,10.0,7.0,4.0,2.0,0.0,1.0
42,2021-22,2021-09-18T15:00:00Z,Burnley,Arsenal,0,1,A,0.0,1.0,A,A Taylor,18.0,13.0,3.0,3.0,8.0,3.0,9.0,8.0,2.0,1.0,0.0,0.0
43,2021-22,2021-09-18T15:00:00Z,Liverpool,Crystal Palace,3,0,H,1.0,0.0,H,A Madley,25.0,13.0,10.0,2.0,10.0,5.0,17.0,11.0,3.0,1.0,0.0,0.0
44,2021-22,2021-09-18T15:00:00Z,Man City,Southampton,0,0,D,0.0,0.0,D,J Moss,18.0,10.0,1.0,2.0,8.0,5.0,5.0,12.0,0.0,2.0,0.0,0.0
45,2021-22,2021-09-18T15:00:00Z,Norwich,Watford,1,3,A,1.0,1.0,D,R Jones,12.0,12.0,5.0,8.0,4.0,8.0,10.0,14.0,1.0,1.0,0.0,0.0
46,2021-22,2021-09-18T17:30:00Z,Aston Villa,Everton,3,0,H,0.0,0.0,D,C Pawson,15.0,11.0,3.0,1.0,5.0,4.0,7.0,10.0,1.0,1.0,0.0,0.0
47,2021-22,2021-09-19T14:00:00Z,Brighton,Leicester,2,1,H,1.0,0.0,H,S Attwell,12.0,14.0,5.0,3.0,4.0,9.0,8.0,10.0,2.0,1.0,0.0,0.0
48,2021-22,2021-09-19T14:00:00Z,West Ham,Man United,1,2,A,1.0,1.0,D,M Atkinson,13.0,17.0,4.0,10.0,2.0,11.0,5.0,8.0,0.0,0.0,0.0,0.0
49,2021-22,2021-09-19T16:30:00Z,Tottenham,Chelsea,0,3,A,0.0,0.0,D,P Tierney,8.0,20.0,2.0,10.0,5.0,11.0,4.0,15.0,0.0,1.0,0.0,0.0
50,2021-22,2021-09-25T12:30:00Z,Chelsea,Man City,0,1,A,0.0,0.0,D,M Oliver,5.0,15.0,0.0,4.0,4.0,13.0,12.0,10.0,3.0,2.0,0.0,0.0
51,2021-22,2021-09-25T12:30:00Z,Man United,Aston Villa,0,1,A,0.0,0.0,D,M Dean,28.0,7.0,4.0,3.0,5.0,5.0,9.0,13.0,2.0,2.0,0.0,0.0
52,2021-22,2021-09-25T15:00:00Z,Everton,Norwich,2,0,H,1.0,0.0,H,D Coote,11.0,10.0,4.0,2.0,6.0,4.0,12.0,9.0,2.0,3.0,0.0,0.0
53,2021-22,2021-09-25T15:00:00Z,Leeds,West Ham,1,2,A,1.0,0.0,H,K Friend,15.0,20.0,5.0,7.0,5.0,7.0,10.0,6.0,3.0,2.0,0.0,0.0
54,2021-22,2021-09-25T15:00:00Z,Leicester,Burnley,2,2,D,1.0,2.0,A,C Kavanagh,22.0,9.0,5.0,3.0,8.0,4.0,10.0,8.0,2.0,4.0,0.0,0.0
55,2021-22,2021-09-25T15:00:00Z,Watford,Newcastle,1,1,D,0.0,1.0,A,J Gillett,15.0,20.0,4.0,6.0,5.0,6.0,19.0,12.0,4.0,3.0,0.0,0.0
56,2021-22,2021-09-25T17:30:00Z,Brentford,Liverpool,3,3,D,1.0,1.0,D,S Attwell,12.0,16.0,4.0,6.0,2.0,11.0,8.0,7.0,1.0,1.0,0.0,0.0
57,2021-22,2021-09-26T14:00:00Z,Southampton,Wolves,0,1,A,0.0,0.0,D,A Madley,18.0,5.0,6.0,3.0,5.0,5.0,12.0,8.0,0.0,0.0,0.0,0.0
58,2021-22,2021-09-26T16:30:00Z,Arsenal,Tottenham,3,1,H,3.0,0.0,H,C Pawson,12.0,10.0,7.0,4.0,4.0,4.0,12.0,13.0,2.0,1.0,0.0,0.0
59,2021-22,2021-09-27T20:00:00Z,Crystal Palace,Brighton,1,1,D,1.0,0.0,H,A Marriner,8.0,8.0,3.0,4.0,6.0,5.0,12.0,10.0,2.0,3.0,0.0,0.0
60,2021-22,2021-10-02T12:30:00Z,Man United,Everton,1,1,D,1.0,0.0,H,M Oliver,13.0,12.0,6.0,2.0,10.0,1.0,10.0,9.0,1.0,1.0,0.0,0.0
61,2021-22,2021-10-02T15:00:00Z,Burnley,Norwich,0,0,D,0.0,0.0,D,K Friend,14.0,10.0,4.0,2.0,9.0,5.0,13.0,3.0,5.0,2.0,0.0,0.0
62,2021-22,2021-10-02T15:00:00Z,Chelsea,Southampton,3,1,H,1.0,0.0,H,M Atkinson,20.0,6.0,9.0,2.0,7.0,2.0,11.0,13.0,1.0,3.0,0.0,1.0
63,2021-22,2021-10-02T15:00:00Z,Leeds,Watford,1,0,H,1.0,0.0,H,S Hooper,20.0,5.0,4.0,1.0,6.0,3.0,10.0,16.0,0.0,3.0,0.0,0.0
64,2021-22,2021-10-02T15:00:00Z,Wolves,Newcastle,2,1,H,1.0,1.0,D,G Scott,7.0,8.0,3.0,2.0,0.0,4.0,15.0,5.0,0.0,2.0,0.0,0.0
65,2021-22,2021-10-02T17:30:00Z,Brighton,Arsenal,0,0,D,0.0,0.0,D,J Moss,21.0,8.0,2.0,2.0,8.0,5.0,8.0,5.0,2.0,1.0,0.0,0.0
66,2021-22,2021-10-03T14:00:00Z,Crystal Palace,Leicester,2,2,D,0.0,2.0,A,A Taylor,18.0,9.0,4.0,5.0,1.0,3.0,15.0,11.0,2.0,3.0,0.0,0.0
67,2021-22,2021-10-03T14:00:00Z,Tottenham,Aston Villa,2,1,H,1.0,0.0,H,C Kavanagh,17.0,14.0,8.0,3.0,5.0,8.0,11.0,14.0,2.0,1.0,0.0,0.0
68,2021-22,2021-10-03T14:00:00Z,West Ham,Brentford,1,2,A,0.0,1.0,A,P Bankes,18.0,13.0,5.0,6.0,11.0,6.0,16.0,13.0,2.0,3.0,0.0,0.0
69,2021-22,2021-10-03T16:30:00Z,Liverpool,Man City,2,2,D,0.0,0.0,D,P Tierney,6.0,12.0,4.0,3.0,3.0,4.0,10.0,12.0,3.0,3.0,0.0,0.0
70,2021-22,2021-10-16T12:30:00Z,Watford,Liverpool,0,5,A,0.0,2.0,A,J Moss,6.0,19.0,2.0,8.0,1.0,9.0,4.0,10.0,0.0,0.0,0.0,0.0
71,2021-22,2021-10-16T15:00:00Z,Aston Villa,Wolves,2,3,A,0.0,0.0,D,M Oliver,14.0,9.0,5.0,4.0,6.0,7.0,8.0,17.0,2.0,3.0,0.0,0.0
72,2021-22,2021-10-16T15:00:00Z,Leicester,Man United,4,2,H,1.0,1.0,D,C Pawson,22.0,18.0,11.0,6.0,4.0,3.0,5.0,17.0,0.0,3.0,0.0,0.0
73,2021-22,2021-10-16T15:00:00Z,Man City,Burnley,2,0,H,1.0,0.0,H,M Atkinson,15.0,7.0,6.0,2.0,6.0,2.0,11.0,5.0,1.0,0.0,0.0,0.0
74,2021-22,2021-10-16T15:00:00Z,Norwich,Brighton,0,0,D,0.0,0.0,D,P Bankes,15.0,11.0,3.0,3.0,8.0,4.0,5.0,14.0,3.0,5.0,0.0,0.0
75,2021-22,2021-10-16T15:00:00Z,Southampton,Leeds,1,0,H,0.0,0.0,D,D Coote,19.0,3.0,5.0,0.0,8.0,1.0,16.0,14.0,2.0,3.0,0.0,0.0
76,2021-22,2021-10-16T17:30:00Z,Brentford,Chelsea,0,1,A,0.0,1.0,A,A Taylor,17.0,5.0,7.0,1.0,5.0,5.0,13.0,8.0,1.0,1.0,0.0,0.0
77,2021-22,2021-10-17T14:00:00Z,Everton,West Ham,0,1,A,0.0,0.0,D,S Attwell,15.0,16.0,2.0,4.0,7.0,9.0,3.0,3.0,0.0,2.0,0.0,0.0
78,2021-22,2021-10-17T16:30:00Z,Newcastle,Tottenham,2,3,A,1.0,3.0,A,A Marriner,7.0,14.0,1.0,4.0,2.0,9.0,13.0,4.0,4.0,1.0,1.0,0.0
79,2021-22,2021-10-18T20:00:00Z,Arsenal,Crystal Palace,2,2,D,1.0,0.0,H,M Dean,17.0,9.0,6.0,6.0,6.0,4.0,7.0,4.0,1.0,1.0,0.0,0.0
80,2021-22,2021-10-22T20:00:00Z,Arsenal,Aston Villa,3,1,H,2.0,0.0,H,C Pawson,22.0,10.0,9.0,4.0,7.0,4.0,17.0,10.0,2.0,5.0,0.0,0.0
81,2021-22,2021-10-23T12:30:00Z,Chelsea,Norwich,7,0,H,3.0,0.0,H,A Madley,23.0,3.0,13.0,1.0,5.0,0.0,14.0,16.0,0.0,2.0,0.0,1.0
82,2021-22,2021-10-23T15:00:00Z,Crystal Palace,Newcastle,1,1,D,0.0,0.0,D,D England,15.0,6.0,3.0,2.0,3.0,7.0,13.0,9.0,3.0,4.0,0.0,0.0
83,2021-22,2021-10-23T15:00:00Z,Everton,Watford,2,5,A,1.0,1.0,D,G Scott,15.0,20.0,4.0,8.0,3.0,5.0,9.0,13.0,4.0,3.0,0.0,0.0
84,2021-22,2021-10-23T15:00:00Z,Leeds,Wolves,1,1,D,0.0,1.0,A,R Jones,18.0,8.0,4.0,4.0,6.0,3.0,15.0,14.0,2.0,3.0,0.0,0.0
85,2021-22,2021-10-23T15:00:00Z,Southampton,Burnley,2,2,D,1.0,1.0,D,C Kavanagh,16.0,9.0,4.0,5.0,6.0,2.0,10.0,11.0,1.0,3.0,0.0,0.0
86,2021-22,2021-10-23T17:30:00Z,Brighton,Man City,1,4,A,0.0,3.0,A,K Friend,10.0,23.0,5.0,14.0,7.0,6.0,10.0,6.0,2.0,3.0,0.0,0.0
87,2021-22,2021-10-24T14:00:00Z,Brentford,Leicester,1,2,A,0.0,1.0,A,S Hooper,15.0,10.0,5.0,6.0,9.0,2.0,13.0,7.0,1.0,1.0,0.0,0.0
88,2021-22,2021-10-24T14:00:00Z,West Ham,Tottenham,1,0,H,0.0,0.0,D,P Tierney,13.0,7.0,4.0,4.0,2.0,4.0,11.0,4.0,2.0,1.0,0.0,0.0
89,2021-22,2021-10-24T16:30:00Z,Man United,Liverpool,0,5,A,0.0,4.0,A,A Taylor,12.0,19.0,4.0,8.0,6.0,3.0,10.0,8.0,6.0,0.0,1.0,0.0
90,2021-22,2021-10-30T12:30:00Z,Leicester,Arsenal,0,2,A,0.0,2.0,A,M Oliver,16.0,9.0,8.0,5.0,7.0,6.0,8.0,11.0,2.0,0.0,0.0,0.0
91,2021-22,2021-10-30T15:00:00Z,Burnley,Brentford,3,1,H,3.0,0.0,H,J Moss,15.0,12.0,6.0,5.0,4.0,2.0,7.0,10.0,1.0,1.0,0.0,0.0
92,2021-22,2021-10-30T15:00:00Z,Liverpool,Brighton,2,2,D,2.0,1.0,H,M Dean,14.0,9.0,3.0,6.0,5.0,3.0,8.0,5.0,2.0,2.0,0.0,0.0
93,2021-22,2021-10-30T15:00:00Z,Man City,Crystal Palace,0,2,A,0.0,1.0,A,A Marriner,14.0,8.0,3.0,3.0,7.0,1.0,11.0,11.0,2.0,3.0,1.0,0.0
94,2021-22,2021-10-30T15:00:00Z,Newcastle,Chelsea,0,3,A,0.0,0.0,D,P Tierney,6.0,19.0,1.0,6.0,0.0,2.0,14.0,12.0,3.0,2.0,0.0,0.0
95,2021-22,2021-10-30T15:00:00Z,Watford,Southampton,0,1,A,0.0,1.0,A,P Bankes,10.0,12.0,4.0,1.0,5.0,8.0,16.0,6.0,2.0,2.0,0.0,0.0
96,2021-22,2021-10-30T17:30:00Z,Tottenham,Man United,0,3,A,0.0,1.0,A,S Attwell,9.0,10.0,0.0,4.0,10.0,2.0,12.0,14.0,2.0,3.0,0.0,0.0
97,2021-22,2021-10-31T14:00:00Z,Norwich,Leeds,1,2,A,0.0,0.0,D,A Taylor,14.0,13.0,3.0,6.0,5.0,0.0,14.0,23.0,1.0,4.0,0.0,0.0
98,2021-22,2021-10-31T16:30:00Z,Aston Villa,West Ham,1,4,A,1.0,2.0,A,C Kavanagh,9.0,21.0,3.0,9.0,3.0,6.0,7.0,13.0,1.0,2.0,1.0,0.0
99,2021-22,2021-11-01T20:00:00Z,Wolves,Everton,2,1,H,2.0,0.0,H,M Atkinson,10.0,14.0,4.0,5.0,4.0,3.0,10.0,8.0,1.0,1.0,0.0,0.0
100,2021-22,2021-11-05T20:00:00Z,Southampton,Aston Villa,1,0,H,1.0,0.0,H,A Madley,9.0,14.0,3.0,3.0,10.0,8.0,12.0,12.0,2.0,2.0,0.0,0.0
101,2021-22,2021-11-06T12:30:00Z,Man United,Man City,0,2,A,0.0,2.0,A,M Oliver,5.0,16.0,1.0,5.0,1.0,9.0,9.0,12.0,1.0,2.0,0.0,0.0
102,2021-22,2021-11-06T15:00:00Z,Brentford,Norwich,1,2,A,0.0,2.0,A,J Gillett,19.0,9.0,7.0,5.0,6.0,2.0,12.0,13.0,2.0,3.0,0.0,0.0
103,2021-22,2021-11-06T15:00:00Z,Chelsea,Burnley,1,1,D,1.0,0.0,H,A Marriner,25.0,5.0,4.0,2.0,14.0,2.0,6.0,9.0,1.0,4.0,0.0,0.0
104,2021-22,2021-11-06T15:00:00Z,Crystal Palace,Wolves,2,0,H,0.0,0.0,D,G Scott,13.0,4.0,6.0,2.0,4.0,6.0,14.0,13.0,2.0,1.0,0.0,0.0
105,2021-22,2021-11-06T17:30:00Z,Brighton,Newcastle,1,1,D,1.0,0.0,H,D Coote,14.0,6.0,5.0,1.0,2.0,5.0,16.0,10.0,3.0,4.0,1.0,0.0
106,2021-22,2021-11-07T14:00:00Z,Arsenal,Watford,1,0,H,0.0,0.0,D,K Friend,14.0,7.0,6.0,1.0,4.0,2.0,6.0,19.0,4.0,2.0,0.0,1.0
107,2021-22,2021-11-07T14:00:00Z,Everton,Tottenham,0,0,D,0.0,0.0,D,C Kavanagh,12.0,8.0,2.0,0.0,4.0,2.0,13.0,17.0,2.0,4.0,1.0,0.0
108,2021-22,2021-11-07T14:00:00Z,Leeds,Leicester,1,1,D,1.0,1.0,D,D England,18.0,9.0,5.0,3.0,10.0,5.0,12.0,5.0,1.0,1.0,0.0,0.0
109,2021-22,2021-11-07T16:30:00Z,West Ham,Liverpool,3,2,H,1.0,1.0,D,C Pawson,7.0,16.0,3.0,5.0,3.0,2.0,11.0,6.0,1.0,1.0,0.0,0.0
110,2021-22,2021-11-20T12:30:00Z,Leicester,Chelsea,0,3,A,0.0,2.0,A,P Tierney,4.0,16.0,3.0,7.0,3.0,5.0,15.0,8.0,3.0,1.0,0.0,0.0
111,2021-22,2021-11-20T15:00:00Z,Aston Villa,Brighton,2,0,H,0.0,0.0,D,A Taylor,9.0,6.0,5.0,2.0,5.0,7.0,7.0,13.0,3.0,3.0,0.0,0.0
112,2021-22,2021-11-20T15:00:00Z,Burnley,Crystal Palace,3,3,D,2.0,3.0,A,S Hooper,15.0,18.0,9.0,8.0,3.0,6.0,14.0,15.0,2.0,3.0,0.0,0.0
113,2021-22,2021-11-20T15:00:00Z,Newcastle,Brentford,3,3,D,2.0,2.0,D,R Jones,23.0,10.0,9.0,4.0,8.0,2.0,13.0,11.0,2.0,2.0,0.0,0.0
114,2021-22,2021-11-20T15:00:00Z,Norwich,Southampton,2,1,H,1.0,1.0,D,M Atkinson,8.0,17.0,4.0,5.0,5.0,7.0,8.0,9.0,3.0,2.0,0.0,0.0
115,2021-22,2021-11-20T15:00:00Z,Watford,Man United,4,1,H,2.0,0.0,H,J Moss,20.0,9.0,7.0,3.0,9.0,3.0,7.0,5.0,2.0,1.0,0.0,1.0
116,2021-22,2021-11-20T15:00:00Z,Wolves,West Ham,1,0,H,0.0,0.0,D,M Dean,15.0,8.0,5.0,3.0,7.0,3.0,6.0,9.0,1.0,1.0,0.0,0.0
117,2021-22,2021-11-20T17:30:00Z,Liverpool,Arsenal,4,0,H,1.0,0.0,H,M Oliver,19.0,5.0,9.0,3.0,6.0,1.0,15.0,12.0,2.0,0.0,0.0,0.0
118,2021-22,2021-11-21T14:00:00Z,Man City,Everton,3,0,H,1.0,0.0,H,S Attwell,17.0,4.0,7.0,1.0,7.0,1.0,5.0,7.0,1.0,1.0,0.0,0.0
119,2021-22,2021-11-21T16:30:00Z,Tottenham,Leeds,2,1,H,0.0,1.0,A,A Marriner,13.0,18.0,4.0,7.0,4.0,8.0,11.0,12.0,1.0,4.0,0.0,0.0
120,2021-22,2021-11-27T12:30:00Z,Arsenal,Newcastle,2,0,H,0.0,0.0,D,S Attwell,24.0,9.0,6.0,5.0,4.0,4.0,6.0,12.0,1.0,3.0,0.0,0.0
121,2021-22,2021-11-27T15:00:00Z,Crystal Palace,Aston Villa,1,2,A,0.0,1.0,A,M Salisbury,8.0,10.0,3.0,3.0,7.0,3.0,12.0,10.0,3.0,3.0,0.0,0.0
122,2021-22,2021-11-27T15:00:00Z,Liverpool,Southampton,4,0,H,3.0,0.0,H,A Marriner,20.0,7.0,6.0,3.0,5.0,7.0,7.0,14.0,0.0,1.0,0.0,0.0
123,2021-22,2021-11-27T15:00:00Z,Norwich,Wolves,0,0,D,0.0,0.0,D,S Hooper,14.0,5.0,4.0,2.0,4.0,3.0,11.0,10.0,2.0,2.0,0.0,0.0
124,2021-22,2021-11-27T17:30:00Z,Brighton,Leeds,0,0,D,0.0,0.0,D,C Pawson,20.0,11.0,4.0,4.0,6.0,1.0,12.0,14.0,1.0,3.0,0.0,0.0
125,2021-22,2021-11-28T14:00:00Z,Brentford,Everton,1,0,H,1.0,0.0,H,D England,6.0,14.0,4.0,5.0,3.0,3.0,8.0,11.0,4.0,3.0,0.0,0.0
126,2021-22,2021-11-28T14:00:00Z,Leicester,Watford,4,2,H,3.0,1.0,H,A Madley,18.0,16.0,8.0,5.0,8.0,6.0,5.0,19.0,0.0,0.0,0.0,0.0
127,2021-22,2021-11-28T14:00:00Z,Man City,West Ham,2,1,H,1.0,0.0,H,M Oliver,19.0,5.0,9.0,3.0,8.0,4.0,7.0,6.0,2.0,0.0,0.0,0.0
128,2021-22,2021-11-28T16:30:00Z,Chelsea,Man United,1,1,D,0.0,0.0,D,A Taylor,24.0,3.0,6.0,2.0,15.0,2.0,13.0,14.0,2.0,5.0,0.0,0.0
129,2021-22,2021-11-30T19:30:00Z,Newcastle,Norwich,1,1,D,0.0,0.0,D,A Madley,9.0,16.0,1.0,6.0,2.0,5.0,8.0,11.0,0.0,0.0,0.0,1.0
130,2021-22,2021-11-30T20:15:00Z,Leeds,Crystal Palace,1,0,H,0.0,0.0,D,K Friend,15.0,9.0,3.0,1.0,7.0,4.0,15.0,15.0,5.0,3.0,0.0,0.0
131,2021-22,2021-12-01T19:30:00Z,Southampton,Leicester,2,2,D,2.0,1.0,H,R Jones,15.0,15.0,7.0,6.0,2.0,4.0,14.0,11.0,1.0,3.0,0.0,0.0
132,2021-22,2021-12-01T19:30:00Z,Watford,Chelsea,1,2,A,1.0,1.0,D,D Coote,13.0,8.0,6.0,4.0,6.0,0.0,18.0,16.0,4.0,3.0,0.0,0.0
133,2021-22,2021-12-01T19:30:00Z,West Ham,Brighton,1,1,D,1.0,0.0,H,C Kavanagh,14.0,9.0,6.0,3.0,9.0,5.0,10.0,8.0,1.0,1.0,0.0,0.0
134,2021-22,2021-12-01T19:30:00Z,Wolves,Burnley,0,0,D,0.0,0.0,D,J Brooks,16.0,6.0,2.0,1.0,5.0,5.0,5.0,7.0,2.0,3.0,0.0,0.0
135,2021-22,2021-12-01T20:15:00Z,Aston Villa,Man City,1,2,A,0.0,2.0,A,M Dean,9.0,17.0,3.0,7.0,4.0,11.0,8.0,12.0,0.0,0.0,0.0,0.0
136,2021-22,2021-12-01T20:15:00Z,Everton,Liverpool,1,4,A,1.0,2.0,A,P Tierney,8.0,16.0,2.0,7.0,3.0,11.0,8.0,16.0,4.0,3.0,0.0,0.0
137,2021-22,2021-12-02T19:30:00Z,Tottenham,Brentford,2,0,H,1.0,0.0,H,J Moss,11.0,6.0,6.0,2.0,11.0,5.0,13.0,11.0,0.0,0.0,0.0,0.0
138,2021-22,2021-12-02T20:15:00Z,Man United,Arsenal,3,2,H,1.0,1.0,D,M Atkinson,14.0,17.0,10.0,8.0,3.0,8.0,9.0,10.0,1.0,0.0,0.0,0.0
139,2021-22,2021-12-04T12:30:00Z,West Ham,Chelsea,3,2,H,1.0,2.0,A,A Marriner,11.0,19.0,5.0,7.0,1.0,9.0,10.0,10.0,1.0,3.0,0.0,0.0
140,2021-22,2021-12-04T15:00:00Z,Newcastle,Burnley,1,0,H,1.0,0.0,H,P Tierney,19.0,10.0,4.0,1.0,10.0,3.0,11.0,9.0,1.0,1.0,0.0,0.0
141,2021-22,2021-12-04T15:00:00Z,Southampton,Brighton,1,1,D,1.0,0.0,H,A Taylor,14.0,14.0,4.0,4.0,6.0,2.0,15.0,12.0,4.0,2.0,0.0,0.0
142,2021-22,2021-12-04T15:00:00Z,Wolves,Liverpool,0,1,A,0.0,0.0,D,C Kavanagh,3.0,17.0,1.0,5.0,2.0,8.0,4.0,7.0,2.0,2.0,0.0,0.0
143,2021-22,2021-12-04T17:30:00Z,Watford,Man City,1,3,A,0.0,2.0,A,S Hooper,11.0,26.0,4.0,13.0,5.0,11.0,10.0,7.0,3.0,0.0,0.0,0.0
144,2021-22,2021-12-05T14:00:00Z,Leeds,Brentford,2,2,D,1.0,0.0,H,D Coote,13.0,9.0,6.0,3.0,5.0,1.0,11.0,9.0,5.0,3.0,0.0,0.0
145,2021-22,2021-12-05T14:00:00Z,Man United,Crystal Palace,1,0,H,0.0,0.0,D,C Pawson,16.0,8.0,3.0,2.0,9.0,6.0,16.0,9.0,2.0,2.0,0.0,0.0
146,2021-22,2021-12-05T14:00:00Z,Tottenham,Norwich,3,0,H,1.0,0.0,H,J Gillett,17.0,10.0,7.0,1.0,6.0,4.0,11.0,4.0,1.0,2.0,0.0,0.0
147,2021-22,2021-12-05T16:30:00Z,Aston Villa,Leicester,2,1,H,1.0,1.0,D,M Oliver,13.0,12.0,4.0,5.0,3.0,6.0,8.0,25.0,1.0,1.0,0.0,0.0
148,2021-22,2021-12-06T20:00:00Z,Everton,Arsenal,2,1,H,0.0,1.0,A,M Dean,11.0,10.0,5.0,3.0,3.0,3.0,8.0,12.0,2.0,2.0,0.0,0.0
149,2021-22,2021-12-10T20:00:00Z,Brentford,Watford,2,1,H,0.0,1.0,A,M Oliver,14.0,6.0,5.0,2.0,8.0,2.0,12.0,18.0,4.0,0.0,0.0,0.0
150,2021-22,2021-12-11T12:30:00Z,Man City,Wolves,1,0,H,0.0,0.0,D,J Moss,24.0,2.0,10.0,1.0,14.0,1.0,12.0,5.0,3.0,2.0,0.0,1.0
151,2021-22,2021-12-11T15:00:00Z,Arsenal,Southampton,3,0,H,2.0,0.0,H,J Gillett,15.0,11.0,5.0,6.0,9.0,8.0,5.0,9.0,2.0,0.0,0.0,0.0
152,2021-22,2021-12-11T15:00:00Z,Chelsea,Leeds,3,2,H,1.0,1.0,D,C Kavanagh,16.0,12.0,6.0,5.0,5.0,2.0,9.0,15.0,2.0,5.0,0.0,0.0
153,2021-22,2021-12-11T15:00:00Z,Liverpool,Aston Villa,1,0,H,0.0,0.0,D,S Attwell,20.0,4.0,5.0,0.0,11.0,3.0,13.0,6.0,1.0,2.0,0.0,0.0
154,2021-22,2021-12-11T17:30:00Z,Norwich,Man United,0,1,A,0.0,0.0,D,D England,11.0,13.0,5.0,5.0,8.0,6.0,6.0,17.0,1.0,1.0,0.0,0.0
155,2021-22,2021-12-12T14:00:00Z,Burnley,West Ham,0,0,D,0.0,0.0,D,G Scott,9.0,16.0,1.0,3.0,6.0,4.0,13.0,11.0,2.0,1.0,0.0,0.0
156,2021-22,2021-12-12T14:00:00Z,Leicester,Newcastle,4,0,H,1.0,0.0,H,P Bankes,8.0,12.0,5.0,3.0,4.0,6.0,9.0,16.0,2.0,3.0,0.0,0.0
157,2021-22,2021-12-12T16:30:00Z,Crystal Palace,Everton,3,1,H,1.0,0.0,H,A Madley,17.0,12.0,6.0,6.0,8.0,2.0,15.0,14.0,0.0,2.0,0.0,0.0
158,2021-22,2021-12-14T19:45:00Z,Norwich,Aston Villa,0,2,A,0.0,1.0,A,D Coote,7.0,17.0,3.0,6.0,7.0,10.0,12.0,9.0,3.0,1.0,0.0,0.0
159,2021-22,2021-12-14T20:00:00Z,Man City,Leeds,7,0,H,3.0,0.0,H,P Tierney,31.0,6.0,15.0,3.0,6.0,2.0,5.0,9.0,1.0,1.0,0.0,0.0
160,2021-22,2021-12-15T19:30:00Z,Brighton,Wolves,0,1,A,0.0,1.0,A,T Harrington,12.0,8.0,2.0,5.0,7.0,4.0,11.0,14.0,2.0,0.0,0.0,0.0
161,2021-22,2021-12-15T19:30:00Z,Crystal Palace,Southampton,2,2,D,1.0,2.0,A,S Hooper,9.0,15.0,6.0,4.0,4.0,6.0,16.0,20.0,2.0,4.0,0.0,0.0
162,2021-22,2021-12-15T20:00:00Z,Arsenal,West Ham,2,0,H,0.0,0.0,D,A Taylor,21.0,7.0,8.0,1.0,5.0,2.0,8.0,9.0,2.0,0.0,0.0,1.0
163,2021-22,2021-12-16T19:45:00Z,Chelsea,Everton,1,1,D,0.0,0.0,D,M Oliver,23.0,5.0,10.0,3.0,7.0,1.0,11.0,11.0,2.0,3.0,0.0,0.0
164,2021-22,2021-12-16T20:00:00Z,Liverpool,Newcastle,3,1,H,2.0,1.0,H,M Dean,23.0,4.0,8.0,2.0,11.0,0.0,9.0,4.0,1.0,3.0,0.0,0.0
165,2021-22,2021-12-18T17:30:00Z,Leeds,Arsenal,1,4,A,0.0,3.0,A,A Marriner,9.0,21.0,2.0,12.0,1.0,4.0,11.0,7.0,3.0,1.0,0.0,0.0
166,2021-22,2021-12-19T14:00:00Z,Newcastle,Man City,0,4,A,0.0,2.0,A,M Atkinson,5.0,18.0,1.0,7.0,3.0,6.0,9.0,6.0,1.0,2.0,0.0,0.0
167,2021-22,2021-12-19T14:00:00Z,Wolves,Chelsea,0,0,D,0.0,0.0,D,D Coote,4.0,8.0,1.0,1.0,4.0,9.0,9.0,7.0,0.0,2.0,0.0,0.0
168,2021-22,2021-12-19T16:30:00Z,Tottenham,Liverpool,2,2,D,1.0,1.0,D,P Tierney,10.0,18.0,5.0,6.0,6.0,4.0,12.0,11.0,4.0,4.0,0.0,1.0
169,2021-22,2021-12-26T15:00:00Z,Man City,Leicester,6,3,H,4.0,0.0,H,C Kavanagh,17.0,14.0,9.0,8.0,14.0,4.0,11.0,9.0,1.0,2.0,0.0,0.0
170,2021-22,2021-12-26T15:00:00Z,Norwich,Arsenal,0,5,A,0.0,2.0,A,G Scott,4.0,16.0,2.0,6.0,3.0,5.0,13.0,7.0,1.0,2.0,0.0,0.0
171,2021-22,2021-12-26T15:00:00Z,Tottenham,Crystal Palace,3,0,H,2.0,0.0,H,J Moss,17.0,4.0,6.0,0.0,4.0,2.0,16.0,10.0,1.0,1.0,0.0,1.0
172,2021-22,2021-12-26T15:00:00Z,West Ham,Southampton,2,3,A,0.0,1.0,A,K Friend,11.0,11.0,5.0,6.0,10.0,2.0,10.0,9.0,2.0,3.0,0.0,0.0
173,2021-22,2021-12-26T17:30:00Z,Aston Villa,Chelsea,1,3,A,1.0,1.0,D,M Atkinson,8.0,10.0,1.0,4.0,2.0,5.0,8.0,11.0,3.0,1.0,0.0,0.0
174,2021-22,2021-12-26T20:00:00Z,Brighton,Brentford,2,0,H,2.0,0.0,H,D England,15.0,16.0,5.0,6.0,6.0,9.0,8.0,10.0,1.0,3.0,0.0,0.0
175,2021-22,2021-12-27T20:00:00Z,Newcastle,Man United,1,1,D,1.0,0.0,H,C Pawson,13.0,13.0,8.0,4.0,2.0,4.0,11.0,8.0,3.0,3.0,0.0,0.0
176,2021-22,2021-12-28T15:00:00Z,Crystal Palace,Norwich,3,0,H,3.0,0.0,H,P Tierney,19.0,12.0,6.0,3.0,8.0,8.0,9.0,13.0,1.0,2.0,0.0,0.0
177,2021-22,2021-12-28T15:00:00Z,Southampton,Tottenham,1,1,D,1.0,1.0,D,A Taylor,9.0,21.0,2.0,11.0,3.0,7.0,15.0,5.0,2.0,2.0,1.0,0.0
178,2021-22,2021-12-28T15:00:00Z,Watford,West Ham,1,4,A,1.0,2.0,A,D England,14.0,13.0,5.0,6.0,4.0,5.0,12.0,12.0,0.0,1.0,0.0,0.0
179,2021-22,2021-12-28T20:00:00Z,Leicester,Liverpool,1,0,H,0.0,0.0,D,M Oliver,6.0,21.0,1.0,4.0,1.0,12.0,8.0,11.0,0.0,1.0,0.0,0.0
180,2021-22,2021-12-29T19:30:00Z,Chelsea,Brighton,1,1,D,1.0,0.0,H,M Dean,11.0,18.0,5.0,6.0,10.0,8.0,14.0,7.0,4.0,1.0,0.0,0.0
181,2021-22,2021-12-29T20:15:00Z,Brentford,Man City,0,1,A,0.0,1.0,A,D Coote,6.0,12.0,2.0,3.0,3.0,5.0,12.0,10.0,0.0,0.0,0.0,0.0
182,2021-22,2021-12-30T20:15:00Z,Man United,Burnley,3,1,H,3.0,1.0,H,J Moss,18.0,10.0,6.0,3.0,7.0,5.0,5.0,10.0,0.0,0.0,0.0,0.0
183,2021-22,2022-01-01T12:30:00Z,Arsenal,Man City,1,2,A,1.0,0.0,H,S Attwell,7.0,15.0,2.0,2.0,5.0,5.0,13.0,5.0,3.0,2.0,1.0,0.0
184,2021-22,2022-01-01T15:00:00Z,Watford,Tottenham,0,1,A,0.0,0.0,D,R Jones,6.0,21.0,4.0,9.0,3.0,7.0,6.0,9.0,0.0,1.0,0.0,0.0
185,2021-22,2022-01-01T17:30:00Z,Crystal Palace,West Ham,2,3,A,0.0,3.0,A,D England,22.0,10.0,6.0,5.0,9.0,1.0,6.0,16.0,0.0,2.0,0.0,0.0
186,2021-22,2022-01-02T14:00:00Z,Brentford,Aston Villa,2,1,H,1.0,1.0,D,C Pawson,10.0,16.0,4.0,5.0,3.0,7.0,17.0,11.0,2.0,2.0,0.0,0.0
187,2021-22,2022-01-02T14:00:00Z,Everton,Brighton,2,3,A,0.0,2.0,A,J Brooks,17.0,12.0,6.0,5.0,8.0,5.0,5.0,12.0,1.0,1.0,0.0,0.0
188,2021-22,2022-01-02T14:00:00Z,Leeds,Burnley,3,1,H,1.0,0.0,H,P Tierney,22.0,8.0,7.0,2.0,9.0,3.0,11.0,7.0,2.0,1.0,0.0,0.0
189,2021-22,2022-01-02T16:30:00Z,Chelsea,Liverpool,2,2,D,2.0,2.0,D,A Taylor,15.0,10.0,6.0,6.0,6.0,7.0,5.0,13.0,1.0,2.0,0.0,0.0
190,2021-22,2022-01-03T17:30:00Z,Man United,Wolves,0,1,A,0.0,0.0,D,M Dean,9.0,19.0,2.0,6.0,3.0,8.0,9.0,8.0,3.0,1.0,0.0,0.0
191,2021-22,2022-01-11T19:45:00Z,Southampton,Brentford,4,1,H,2.0,1.0,H,S Attwell,12.0,5.0,6.0,4.0,5.0,2.0,9.0,8.0,0.0,1.0,0.0,0.0
192,2021-22,2022-01-12T19:45:00Z,West Ham,Norwich,2,0,H,1.0,0.0,H,S Hooper,13.0,7.0,5.0,3.0,11.0,2.0,9.0,8.0,0.0,0.0,0.0,0.0
193,2021-22,2022-01-14T20:00:00Z,Brighton,Crystal Palace,1,1,D,0.0,0.0,D,R Jones,19.0,3.0,4.0,1.0,9.0,0.0,11.0,7.0,0.0,2.0,0.0,0.0
194,2021-22,2022-01-15T12:30:00Z,Man City,Chelsea,1,0,H,0.0,0.0,D,C Pawson,11.0,4.0,6.0,1.0,9.0,1.0,11.0,6.0,0.0,2.0,0.0,0.0
195,2021-22,2022-01-15T15:00:00Z,Newcastle,Watford,1,1,D,0.0,0.0,D,P Tierney,12.0,18.0,1.0,5.0,4.0,6.0,13.0,13.0,3.0,2.0,0.0,0.0
196,2021-22,2022-01-15T15:00:00Z,Norwich,Everton,2,1,H,2.0,0.0,H,A Madley,14.0,12.0,3.0,5.0,8.0,8.0,12.0,14.0,3.0,1.0,0.0,0.0
197,2021-22,2022-01-15T15:00:00Z,Wolves,Southampton,3,1,H,1.0,0.0,H,M Salisbury,9.0,13.0,5.0,10.0,2.0,10.0,13.0,14.0,2.0,3.0,0.0,0.0
198,2021-22,2022-01-15T17:30:00Z,Aston Villa,Man United,2,2,D,0.0,1.0,A,D Coote,13.0,13.0,9.0,6.0,3.0,6.0,8.0,13.0,1.0,2.0,0.0,0.0
199,2021-22,2022-01-16T14:00:00Z,Liverpool,Brentford,3,0,H,1.0,0.0,H,J Moss,27.0,6.0,13.0,1.0,9.0,0.0,6.0,6.0,0.0,1.0,0.0,0.0
200,2021-22,2022-01-16T14:00:00Z,West Ham,Leeds,2,3,A,1.0,2.0,A,M Dean,15.0,18.0,5.0,5.0,4.0,3.0,6.0,9.0,3.0,2.0,0.0,0.0
201,2021-22,2022-01-18T20:00:00Z,Brighton,Chelsea,1,1,D,0.0,1.0,A,K Friend,10.0,15.0,2.0,3.0,5.0,7.0,8.0,5.0,1.0,2.0,0.0,0.0
202,2021-22,2022-01-19T19:30:00Z,Leicester,Tottenham,2,3,A,1.0,1.0,D,J Moss,14.0,27.0,4.0,10.0,3.0,8.0,6.0,12.0,1.0,2.0,0.0,0.0
203,2021-22,2022-01-19T20:00:00Z,Brentford,Man United,1,3,A,0.0,0.0,D,A Marriner,18.0,13.0,8.0,5.0,6.0,9.0,7.0,9.0,0.0,0.0,0.0,0.0
204,2021-22,2022-01-21T20:00:00Z,Watford,Norwich,0,3,A,0.0,0.0,D,M Dean,15.0,7.0,4.0,2.0,5.0,1.0,16.0,11.0,0.0,1.0,1.0,0.0
205,2021-22,2022-01-22T12:30:00Z,Everton,Aston Villa,0,1,A,0.0,1.0,A,C Pawson,15.0,8.0,1.0,3.0,9.0,2.0,14.0,16.0,5.0,3.0,0.0,0.0
206,2021-22,2022-01-22T15:00:00Z,Brentford,Wolves,1,2,A,0.0,0.0,D,P Bankes,11.0,7.0,1.0,2.0,6.0,3.0,6.0,7.0,2.0,3.0,0.0,0.0
207,2021-22,2022-01-22T15:00:00Z,Leeds,Newcastle,0,1,A,0.0,0.0,D,C Kavanagh,13.0,15.0,4.0,3.0,6.0,7.0,9.0,9.0,4.0,2.0,0.0,0.0
208,2021-22,2022-01-22T15:00:00Z,Man United,West Ham,1,0,H,0.0,0.0,D,J Moss,18.0,6.0,3.0,1.0,3.0,3.0,9.0,8.0,1.0,1.0,0.0,0.0
209,2021-22,2022-01-22T17:30:00Z,Southampton,Man City,1,1,D,1.0,0.0,H,S Hooper,7.0,20.0,3.0,5.0,2.0,11.0,13.0,5.0,3.0,0.0,0.0,0.0
210,2021-22,2022-01-23T14:00:00Z,Arsenal,Burnley,0,0,D,0.0,0.0,D,D Coote,20.0,10.0,5.0,1.0,12.0,4.0,9.0,13.0,0.0,2.0,0.0,0.0
211,2021-22,2022-01-23T14:00:00Z,Crystal Palace,Liverpool,1,3,A,0.0,2.0,A,K Friend,8.0,15.0,5.0,7.0,2.0,5.0,12.0,10.0,4.0,1.0,0.0,0.0
212,2021-22,2022-01-23T14:00:00Z,Leicester,Brighton,1,1,D,0.0,0.0,D,M Atkinson,15.0,14.0,5.0,5.0,4.0,5.0,6.0,8.0,0.0,1.0,0.0,0.0
213,2021-22,2022-01-23T16:30:00Z,Chelsea,Tottenham,2,0,H,0.0,0.0,D,P Tierney,15.0,6.0,7.0,3.0,10.0,3.0,17.0,14.0,2.0,1.0,0.0,0.0
214,2021-22,2022-02-05T18:00:00Z,Burnley,Watford,0,0,D,0.0,0.0,D,C Pawson,13.0,11.0,2.0,5.0,4.0,7.0,16.0,9.0,1.0,2.0,0.0,0.0
215,2021-22,2022-02-08T19:45:00Z,Newcastle,Everton,3,1,H,1.0,1.0,D,A Taylor,20.0,11.0,9.0,3.0,6.0,2.0,13.0,13.0,2.0,3.0,0.0,0.0
216,2021-22,2022-02-08T19:45:00Z,West Ham,Watford,1,0,H,0.0,0.0,D,M Atkinson,9.0,6.0,3.0,1.0,5.0,6.0,1.0,6.0,1.0,0.0,0.0,0.0
217,2021-22,2022-02-08T20:00:00Z,Burnley,Man United,1,1,D,0.0,1.0,A,M Dean,9.0,22.0,3.0,5.0,2.0,10.0,11.0,10.0,2.0,1.0,0.0,0.0
218,2021-22,2022-02-09T19:45:00Z,Man City,Brentford,2,0,H,1.0,0.0,H,D England,15.0,6.0,7.0,2.0,9.0,3.0,7.0,13.0,0.0,0.0,0.0,0.0
219,2021-22,2022-02-09T19:45:00Z,Norwich,Crystal Palace,1,1,D,1.0,0.0,H,P Tierney,5.0,13.0,1.0,5.0,4.0,6.0,11.0,15.0,1.0,2.0,0.0,0.0
220,2021-22,2022-02-09T19:45:00Z,Tottenham,Southampton,2,3,A,1.0,1.0,D,D Coote,8.0,23.0,3.0,10.0,2.0,8.0,7.0,13.0,2.0,3.0,0.0,0.0
221,2021-22,2022-02-09T20:00:00Z,Aston Villa,Leeds,3,3,D,3.0,2.0,H,J Gillett,12.0,16.0,4.0,8.0,6.0,11.0,11.0,9.0,1.0,3.0,1.0,0.0
222,2021-22,2022-02-10T19:45:00Z,Liverpool,Leicester,2,0,H,1.0,0.0,H,C Kavanagh,22.0,5.0,11.0,1.0,7.0,6.0,11.0,7.0,1.0,0.0,0.0,0.0
223,2021-22,2022-02-10T19:45:00Z,Wolves,Arsenal,0,1,A,0.0,1.0,A,M Oliver,15.0,12.0,4.0,2.0,7.0,4.0,12.0,13.0,2.0,3.0,0.0,1.0
224,2021-22,2022-02-12T12:30:00Z,Man United,Southampton,1,1,D,1.0,0.0,H,S Attwell,12.0,13.0,8.0,4.0,1.0,4.0,12.0,13.0,4.0,0.0,0.0,0.0
225,2021-22,2022-02-12T15:00:00Z,Brentford,Crystal Palace,0,0,D,0.0,0.0,D,S Hooper,9.0,6.0,2.0,3.0,3.0,9.0,10.0,10.0,1.0,0.0,0.0,0.0
226,2021-22,2022-02-12T15:00:00Z,Everton,Leeds,3,0,H,2.0,0.0,H,G Scott,21.0,7.0,10.0,0.0,5.0,3.0,8.0,9.0,1.0,1.0,0.0,0.0
227,2021-22,2022-02-12T15:00:00Z,Watford,Brighton,0,2,A,0.0,1.0,A,J Moss,9.0,11.0,1.0,6.0,4.0,5.0,16.0,9.0,3.0,2.0,0.0,0.0
228,2021-22,2022-02-12T17:30:00Z,Norwich,Man City,0,4,A,0.0,1.0,A,A Marriner,8.0,22.0,3.0,9.0,4.0,12.0,7.0,8.0,0.0,2.0,0.0,0.0
229,2021-22,2022-02-13T14:00:00Z,Burnley,Liverpool,0,1,A,0.0,1.0,A,M Atkinson,8.0,12.0,5.0,4.0,5.0,8.0,7.0,6.0,0.0,1.0,0.0,0.0
230,2021-22,2022-02-13T14:00:00Z,Newcastle,Aston Villa,1,0,H,1.0,0.0,H,C Pawson,10.0,11.0,2.0,1.0,3.0,6.0,22.0,15.0,3.0,4.0,0.0,0.0
231,2021-22,2022-02-13T14:00:00Z,Tottenham,Wolves,0,2,A,0.0,2.0,A,K Friend,17.0,11.0,7.0,7.0,7.0,3.0,13.0,13.0,3.0,1.0,0.0,0.0
232,2021-22,2022-02-13T16:30:00Z,Leicester,West Ham,2,2,D,1.0,1.0,D,M Oliver,13.0,8.0,2.0,3.0,5.0,4.0,10.0,9.0,1.0,2.0,0.0,0.0
233,2021-22,2022-02-15T20:15:00Z,Man United,Brighton,2,0,H,0.0,0.0,D,P Bankes,19.0,10.0,7.0,3.0,10.0,2.0,8.0,10.0,3.0,1.0,0.0,1.0
234,2021-22,2022-02-19T12:30:00Z,West Ham,Newcastle,1,1,D,1.0,1.0,D,C Kavanagh,11.0,14.0,3.0,3.0,3.0,7.0,3.0,7.0,3.0,3.0,0.0,0.0
235,2021-22,2022-02-19T15:00:00Z,Arsenal,Brentford,2,1,H,0.0,0.0,D,J Moss,24.0,6.0,8.0,2.0,14.0,0.0,10.0,5.0,1.0,1.0,0.0,0.0
236,2021-22,2022-02-19T15:00:00Z,Aston Villa,Watford,0,1,A,0.0,0.0,D,R Jones,20.0,8.0,1.0,4.0,10.0,5.0,12.0,7.0,1.0,2.0,0.0,0.0
237,2021-22,2022-02-19T15:00:00Z,Brighton,Burnley,0,3,A,0.0,2.0,A,K Friend,11.0,10.0,1.0,4.0,4.0,4.0,12.0,12.0,1.0,4.0,0.0,0.0
238,2021-22,2022-02-19T15:00:00Z,Crystal Palace,Chelsea,0,1,A,0.0,0.0,D,D Coote,7.0,9.0,0.0,3.0,4.0,4.0,4.0,20.0,1.0,3.0,0.0,0.0
239,2021-22,2022-02-19T15:00:00Z,Liverpool,Norwich,3,1,H,0.0,0.0,D,M Dean,29.0,6.0,8.0,1.0,9.0,4.0,7.0,8.0,0.0,1.0,0.0,0.0
240,2021-22,2022-02-19T15:00:00Z,Southampton,Everton,2,0,H,0.0,0.0,D,A Madley,19.0,9.0,11.0,0.0,4.0,4.0,6.0,9.0,0.0,2.0,0.0,0.0
241,2021-22,2022-02-19T17:30:00Z,Man City,Tottenham,2,3,A,1.0,1.0,D,A Taylor,21.0,6.0,4.0,5.0,10.0,0.0,5.0,7.0,0.0,3.0,0.0,0.0
242,2021-22,2022-02-20T14:00:00Z,Leeds,Man United,2,4,A,0.0,2.0,A,P Tierney,16.0,15.0,6.0,9.0,3.0,3.0,13.0,19.0,6.0,3.0,0.0,0.0
243,2021-22,2022-02-20T16:30:00Z,Wolves,Leicester,2,1,H,1.0,1.0,D,C Pawson,11.0,17.0,3.0,7.0,7.0,10.0,12.0,9.0,4.0,4.0,0.0,0.0
244,2021-22,2022-02-23T19:30:00Z,Burnley,Tottenham,1,0,H,0.0,0.0,D,G Scott,15.0,12.0,4.0,2.0,3.0,7.0,8.0,8.0,0.0,0.0,0.0,0.0
245,2021-22,2022-02-23T19:30:00Z,Watford,Crystal Palace,1,4,A,1.0,2.0,A,A Marriner,8.0,7.0,1.0,5.0,6.0,4.0,12.0,9.0,2.0,1.0,0.0,0.0
246,2021-22,2022-02-23T19:45:00Z,Liverpool,Leeds,6,0,H,3.0,0.0,H,M Oliver,23.0,3.0,15.0,2.0,4.0,0.0,5.0,11.0,0.0,3.0,0.0,0.0
247,2021-22,2022-02-24T19:45:00Z,Arsenal,Wolves,2,1,H,0.0,1.0,A,M Atkinson,26.0,6.0,5.0,2.0,5.0,4.0,8.0,9.0,1.0,1.0,0.0,0.0
248,2021-22,2022-02-25T20:00:00Z,Southampton,Norwich,2,0,H,1.0,0.0,H,S Hooper,27.0,8.0,9.0,1.0,13.0,6.0,12.0,9.0,1.0,2.0,0.0,0.0
249,2021-22,2022-02-26T12:30:00Z,Leeds,Tottenham,0,4,A,0.0,3.0,A,C Pawson,19.0,15.0,3.0,11.0,3.0,6.0,16.0,11.0,4.0,2.0,0.0,0.0
250,2021-22,2022-02-26T15:00:00Z,Brentford,Newcastle,0,2,A,0.0,2.0,A,M Dean,6.0,26.0,1.0,11.0,6.0,6.0,9.0,7.0,3.0,1.0,1.0,0.0
251,2021-22,2022-02-26T15:00:00Z,Crystal Palace,Burnley,1,1,D,1.0,0.0,H,J Moss,11.0,5.0,4.0,1.0,5.0,4.0,5.0,17.0,0.0,2.0,0.0,0.0
252,2021-22,2022-02-26T15:00:00Z,Man United,Watford,0,0,D,0.0,0.0,D,K Friend,22.0,10.0,3.0,2.0,4.0,3.0,2.0,7.0,0.0,0.0,0.0,0.0
253,2021-22,2022-02-26T15:30:00Z,Brighton,Aston Villa,0,2,A,0.0,1.0,A,J Brooks,12.0,9.0,1.0,4.0,7.0,2.0,17.0,11.0,4.0,5.0,0.0,0.0
254,2021-22,2022-02-26T17:30:00Z,Everton,Man City,0,1,A,0.0,0.0,D,P Tierney,6.0,13.0,2.0,8.0,3.0,4.0,7.0,14.0,3.0,2.0,0.0,0.0
255,2021-22,2022-02-27T14:00:00Z,West Ham,Wolves,1,0,H,0.0,0.0,D,A Taylor,13.0,14.0,4.0,1.0,3.0,5.0,8.0,2.0,1.0,0.0,0.0,0.0
256,2021-22,2022-03-01T19:45:00Z,Burnley,Leicester,0,2,A,0.0,0.0,D,C Kavanagh,9.0,22.0,2.0,6.0,6.0,8.0,10.0,13.0,1.0,1.0,0.0,0.0
257,2021-22,2022-03-05T12:30:00Z,Leicester,Leeds,1,0,H,0.0,0.0,D,D Coote,7.0,19.0,4.0,4.0,5.0,10.0,9.0,12.0,1.0,2.0,0.0,0.0
258,2021-22,2022-03-05T15:00:00Z,Aston Villa,Southampton,4,0,H,2.0,0.0,H,P Bankes,14.0,11.0,9.0,1.0,4.0,7.0,10.0,8.0,1.0,1.0,0.0,0.0
259,2021-22,2022-03-05T15:00:00Z,Burnley,Chelsea,0,4,A,0.0,0.0,D,A Marriner,6.0,11.0,1.0,5.0,5.0,2.0,12.0,7.0,2.0,0.0,0.0,0.0
260,2021-22,2022-03-05T15:00:00Z,Newcastle,Brighton,2,1,H,2.0,0.0,H,M Atkinson,10.0,15.0,4.0,4.0,4.0,7.0,8.0,10.0,1.0,1.0,0.0,0.0
261,2021-22,2022-03-05T15:00:00Z,Norwich,Brentford,1,3,A,0.0,1.0,A,A Taylor,15.0,10.0,7.0,6.0,5.0,5.0,13.0,18.0,2.0,5.0,0.0,0.0
262,2021-22,2022-03-05T15:00:00Z,Wolves,Crystal Palace,0,2,A,0.0,2.0,A,A Madley,12.0,12.0,5.0,8.0,7.0,7.0,13.0,8.0,0.0,3.0,0.0,0.0
263,2021-22,2022-03-05T17:30:00Z,Liverpool,West Ham,1,0,H,1.0,0.0,H,J Moss,22.0,13.0,5.0,5.0,4.0,6.0,7.0,7.0,2.0,1.0,0.0,0.0
264,2021-22,2022-03-06T14:00:00Z,Watford,Arsenal,2,3,A,1.0,2.0,A,C Pawson,13.0,16.0,7.0,4.0,1.0,5.0,5.0,11.0,1.0,2.0,0.0,0.0
265,2021-22,2022-03-06T16:30:00Z,Man City,Man United,4,1,H,2.0,1.0,H,M Oliver,24.0,5.0,10.0,2.0,9.0,3.0,10.0,14.0,0.0,1.0,0.0,0.0
266,2021-22,2022-03-07T20:00:00Z,Tottenham,Everton,5,0,H,3.0,0.0,H,S Attwell,14.0,6.0,7.0,0.0,5.0,2.0,15.0,10.0,2.0,0.0,0.0,0.0
267,2021-22,2022-03-10T19:30:00Z,Norwich,Chelsea,1,3,A,0.0,2.0,A,M Atkinson,9.0,15.0,3.0,7.0,3.0,8.0,8.0,15.0,0.0,2.0,0.0,0.0
268,2021-22,2022-03-10T19:30:00Z,Southampton,Newcastle,1,2,A,1.0,1.0,D,K Friend,14.0,8.0,5.0,4.0,12.0,5.0,6.0,7.0,1.0,1.0,0.0,0.0
269,2021-22,2022-03-10T19:30:00Z,Wolves,Watford,4,0,H,2.0,0.0,H,D England,10.0,9.0,5.0,0.0,5.0,2.0,11.0,10.0,2.0,2.0,0.0,0.0
270,2021-22,2022-03-10T19:45:00Z,Leeds,Aston Villa,0,3,A,0.0,1.0,A,S Hooper,4.0,15.0,1.0,9.0,3.0,5.0,17.0,11.0,5.0,3.0,0.0,0.0
271,2021-22,2022-03-12T12:30:00Z,Brighton,Liverpool,0,2,A,0.0,1.0,A,M Dean,8.0,18.0,3.0,9.0,7.0,6.0,12.0,15.0,3.0,1.0,0.0,0.0
272,2021-22,2022-03-12T15:00:00Z,Brentford,Burnley,2,0,H,0.0,0.0,D,P Tierney,13.0,7.0,4.0,1.0,2.0,9.0,6.0,10.0,1.0,1.0,0.0,1.0
273,2021-22,2022-03-12T17:30:00Z,Man United,Tottenham,3,2,H,2.0,1.0,H,J Moss,10.0,10.0,6.0,3.0,4.0,5.0,8.0,7.0,2.0,1.0,0.0,0.0
274,2021-22,2022-03-13T14:00:00Z,Chelsea,Newcastle,1,0,H,0.0,0.0,D,D Coote,8.0,7.0,3.0,2.0,7.0,2.0,17.0,16.0,4.0,3.0,0.0,0.0
275,2021-22,2022-03-13T14:00:00Z,Everton,Wolves,0,1,A,0.0,0.0,D,M Oliver,8.0,14.0,2.0,3.0,5.0,2.0,13.0,11.0,2.0,1.0,1.0,0.0
276,2021-22,2022-03-13T14:00:00Z,Leeds,Norwich,2,1,H,1.0,0.0,H,S Attwell,13.0,12.0,7.0,4.0,6.0,2.0,18.0,8.0,3.0,1.0,0.0,0.0
277,2021-22,2022-03-13T14:00:00Z,Southampton,Watford,1,2,A,1.0,2.0,A,G Scott,13.0,9.0,7.0,5.0,11.0,3.0,8.0,12.0,3.0,2.0,0.0,0.0
278,2021-22,2022-03-13T14:00:00Z,West Ham,Aston Villa,2,1,H,0.0,0.0,D,J Gillett,11.0,13.0,4.0,7.0,5.0,7.0,9.0,3.0,1.0,0.0,0.0,0.0
279,2021-22,2022-03-13T16:30:00Z,Arsenal,Leicester,2,0,H,1.0,0.0,H,A Taylor,21.0,6.0,8.0,3.0,2.0,6.0,8.0,10.0,0.0,3.0,0.0,0.0
280,2021-22,2022-03-14T20:00:00Z,Crystal Palace,Man City,0,0,D,0.0,0.0,D,M Atkinson,7.0,18.0,1.0,4.0,2.0,6.0,6.0,11.0,3.0,1.0,0.0,0.0
281,2021-22,2022-03-16T19:30:00Z,Brighton,Tottenham,0,2,A,0.0,1.0,A,R Jones,15.0,17.0,0.0,7.0,6.0,3.0,11.0,9.0,2.0,2.0,0.0,0.0
282,2021-22,2022-03-16T20:15:00Z,Arsenal,Liverpool,0,2,A,0.0,0.0,D,A Marriner,9.0,9.0,2.0,3.0,1.0,6.0,9.0,9.0,0.0,1.0,0.0,0.0
283,2021-22,2022-03-17T19:45:00Z,Everton,Newcastle,1,0,H,0.0,0.0,D,C Pawson,9.0,17.0,3.0,6.0,5.0,7.0,13.0,11.0,2.0,1.0,1.0,0.0
284,2021-22,2022-03-18T20:00:00Z,Wolves,Leeds,2,3,A,2.0,0.0,H,K Friend,14.0,15.0,8.0,6.0,2.0,5.0,13.0,14.0,1.0,4.0,1.0,0.0
285,2021-22,2022-03-19T12:30:00Z,Aston Villa,Arsenal,0,1,A,0.0,1.0,A,A Madley,8.0,10.0,1.0,3.0,6.0,5.0,13.0,14.0,3.0,3.0,0.0,0.0
286,2021-22,2022-03-20T14:00:00Z,Leicester,Brentford,2,1,H,2.0,0.0,H,D England,12.0,15.0,4.0,6.0,2.0,5.0,10.0,10.0,1.0,2.0,0.0,0.0
287,2021-22,2022-03-20T16:30:00Z,Tottenham,West Ham,3,1,H,2.0,1.0,H,A Taylor,17.0,6.0,4.0,1.0,5.0,3.0,7.0,7.0,0.0,1.0,0.0,0.0
288,2021-22,2022-04-02T12:30:00Z,Liverpool,Watford,2,0,H,1.0,0.0,H,S Attwell,20.0,5.0,3.0,2.0,9.0,3.0,9.0,8.0,1.0,1.0,0.0,0.0
289,2021-22,2022-04-02T15:00:00Z,Brighton,Norwich,0,0,D,0.0,0.0,D,S Hooper,31.0,6.0,4.0,0.0,11.0,2.0,12.0,11.0,1.0,1.0,0.0,0.0
290,2021-22,2022-04-02T15:00:00Z,Burnley,Man City,0,2,A,0.0,2.0,A,C Pawson,3.0,18.0,1.0,6.0,1.0,8.0,11.0,6.0,1.0,0.0,0.0,0.0
291,2021-22,2022-04-02T15:00:00Z,Chelsea,Brentford,1,4,A,0.0,0.0,D,A Madley,21.0,17.0,8.0,6.0,12.0,7.0,11.0,7.0,0.0,0.0,0.0,0.0
292,2021-22,2022-04-02T15:00:00Z,Leeds,Southampton,1,1,D,1.0,0.0,H,A Taylor,12.0,14.0,3.0,6.0,4.0,7.0,14.0,7.0,1.0,1.0,0.0,0.0
293,2021-22,2022-04-02T15:00:00Z,Wolves,Aston Villa,2,1,H,2.0,0.0,H,D England,11.0,15.0,5.0,5.0,4.0,9.0,15.0,8.0,4.0,3.0,0.0,0.0
294,2021-22,2022-04-02T17:30:00Z,Man United,Leicester,1,1,D,0.0,0.0,D,A Marriner,11.0,11.0,5.0,3.0,6.0,5.0,13.0,6.0,2.0,2.0,0.0,0.0
295,2021-22,2022-04-03T14:00:00Z,West Ham,Everton,2,1,H,1.0,0.0,H,M Oliver,11.0,13.0,5.0,2.0,2.0,4.0,9.0,12.0,1.0,1.0,0.0,1.0
296,2021-22,2022-04-03T16:30:00Z,Tottenham,Newcastle,5,1,H,1.0,1.0,D,M Atkinson,19.0,8.0,6.0,1.0,2.0,3.0,10.0,7.0,2.0,3.0,0.0,0.0
297,2021-22,2022-04-04T20:00:00Z,Crystal Palace,Arsenal,3,0,H,2.0,0.0,H,P Tierney,6.0,12.0,5.0,3.0,0.0,2.0,11.0,15.0,0.0,2.0,0.0,0.0
298,2021-22,2022-04-06T19:30:00Z,Burnley,Everton,3,2,H,1.0,2.0,A,M Dean,13.0,16.0,4.0,4.0,9.0,6.0,11.0,16.0,2.0,2.0,0.0,0.0
299,2021-22,2022-04-08T20:00:00Z,Newcastle,Wolves,1,0,H,0.0,0.0,D,P Bankes,12.0,5.0,4.0,2.0,1.0,2.0,6.0,13.0,1.0,1.0,0.0,0.0
300,2021-22,2022-04-09T12:30:00Z,Everton,Man United,1,0,H,1.0,0.0,H,J Moss,7.0,12.0,3.0,4.0,5.0,7.0,4.0,10.0,2.0,2.0,0.0,0.0
301,2021-22,2022-04-09T15:00:00Z,Arsenal,Brighton,1,2,A,0.0,1.0,A,D Coote,20.0,8.0,4.0,3.0,11.0,2.0,12.0,19.0,3.0,4.0,0.0,0.0
302,2021-22,2022-04-09T15:00:00Z,Southampton,Chelsea,0,6,A,0.0,4.0,A,K Friend,4.0,24.0,1.0,14.0,3.0,3.0,11.0,10.0,1.0,0.0,0.0,0.0
303,2021-22,2022-04-09T15:00:00Z,Watford,Leeds,0,3,A,0.0,1.0,A,A Marriner,8.0,10.0,1.0,5.0,3.0,8.0,8.0,12.0,2.0,0.0,0.0,0.0
304,2021-22,2022-04-09T17:30:00Z,Aston Villa,Tottenham,0,4,A,0.0,1.0,A,G Scott,9.0,11.0,8.0,5.0,9.0,3.0,12.0,14.0,2.0,3.0,0.0,0.0
305,2021-22,2022-04-10T14:00:00Z,Brentford,West Ham,2,0,H,0.0,0.0,D,M Atkinson,15.0,5.0,7.0,1.0,4.0,6.0,2.0,6.0,0.0,1.0,0.0,0.0
306,2021-22,2022-04-10T14:00:00Z,Leicester,Crystal Palace,2,1,H,2.0,0.0,H,R Jones,12.0,11.0,3.0,3.0,3.0,4.0,11.0,12.0,1.0,1.0,0.0,0.0
307,2021-22,2022-04-10T14:00:00Z,Norwich,Burnley,2,0,H,1.0,0.0,H,M Oliver,17.0,18.0,6.0,4.0,6.0,7.0,12.0,10.0,1.0,1.0,0.0,0.0
308,2021-22,2022-04-10T16:30:00Z,Man City,Liverpool,2,2,D,2.0,1.0,H,A Taylor,11.0,6.0,5.0,4.0,4.0,1.0,9.0,11.0,1.0,4.0,0.0,0.0
